timestamp,focusScore,currentState,recoveryLatency,earValue,headPitch
21:01:42,99.55,Thinking,0.0,0.3,0.0
21:01:54,99.09,Away,0.0,0.3,0.0
21:02:26,98.63,Away,0.0,0.348,13.4
21:02:26,98.16,Away,0.0,0.348,13.4
21:02:26,97.69,Away,0.0,0.3,0.0
21:02:26,97.21,Away,0.0,0.3,0.0
21:02:26,96.73,Away,0.0,0.2573,5.6
21:02:26,96.24,Away,0.0,0.2573,5.6
21:02:26,95.76,Away,0.0,0.0817,-3.9
21:02:27,95.39,Flow,44.64,0.0817,-3.9
21:02:39,95.12,Flow,44.64,0.1532,-2.4
21:02:39,94.94,Flow,44.64,0.1532,-2.4
21:02:39,94.83,Flow,44.64,0.3637,-0.7
21:02:39,94.8,Flow,44.64,0.3637,-0.7
21:02:39,94.82,Flow,44.64,0.4832,-2.2
21:02:39,94.91,Flow,44.64,0.4832,-2.2
21:02:39,95.04,Flow,44.64,0.544,-2.1
21:02:40,95.21,Flow,44.64,0.544,-2.1
21:02:40,95.42,Flow,44.64,0.5384,-2.4
21:02:40,95.65,Flow,44.64,0.5384,-2.4
21:02:40,95.91,Flow,44.64,0.5243,-2.1
21:02:40,96.19,Flow,44.64,0.5243,-2.1
21:02:40,96.49,Flow,44.64,0.5464,-2.2
21:02:40,96.8,Flow,44.64,0.5464,-2.2
21:02:41,97.13,Flow,44.64,0.5263,-2.0
21:02:41,97.47,Flow,44.64,0.5263,-2.0
21:02:41,97.82,Flow,44.64,0.4627,-2.2
21:02:41,98.14,Flow,44.64,0.4627,-2.2
21:02:41,98.42,Flow,44.64,0.4936,-2.5
21:02:41,98.66,Flow,44.64,0.4936,-2.5
21:02:41,98.86,Flow,44.64,0.5274,-2.1
21:02:41,99.03,Flow,44.64,0.5274,-2.1
21:02:42,99.18,Flow,44.64,0.4665,-2.9
21:02:42,99.3,Flow,44.64,0.4665,-2.9
21:02:42,99.4,Flow,44.64,0.507,-2.3
21:02:42,99.49,Flow,44.64,0.507,-2.3
21:02:42,99.57,Flow,44.64,0.5194,-2.5
21:02:42,99.63,Flow,44.64,0.5194,-2.5
21:02:42,99.69,Flow,44.64,0.5237,-2.5
21:02:42,99.74,Flow,44.64,0.5237,-2.5
21:02:43,99.78,Flow,44.64,0.4523,-1.7
21:02:43,99.81,Flow,44.64,0.4523,-1.7
21:02:43,99.84,Flow,44.64,0.5403,-1.4
21:02:43,99.86,Flow,44.64,0.5403,-1.4
21:02:43,99.88,Flow,44.64,0.5322,-2.0
21:02:43,99.9,Flow,44.64,0.5322,-2.0
21:02:43,99.92,Flow,44.64,0.5096,-1.8
21:02:44,99.93,Flow,44.64,0.5096,-1.8
21:02:44,99.94,Flow,44.64,0.5065,-2.5
21:02:44,99.95,Flow,44.64,0.5065,-2.5
21:02:44,99.96,Flow,44.64,0.5042,-2.2
21:02:44,99.96,Flow,44.64,0.5042,-2.2
21:02:44,99.97,Flow,44.64,0.5242,-2.0
21:02:44,99.97,Flow,44.64,0.5242,-2.0
21:02:44,99.98,Flow,44.64,0.541,-1.8
21:02:45,99.98,Flow,44.64,0.541,-1.8
21:02:45,99.98,Flow,44.64,0.5509,-2.4
21:02:45,99.99,Flow,44.64,0.5509,-2.4
21:02:45,99.99,Flow,44.64,0.558,-2.2
21:02:45,99.99,Flow,44.64,0.558,-2.2
21:02:45,99.99,Flow,44.64,0.5514,-1.1
21:02:45,99.99,Flow,44.64,0.5514,-1.1
21:02:45,99.99,Flow,44.64,0.5529,-3.0
21:02:46,99.99,Flow,44.64,0.5529,-3.0
21:02:46,100.0,Flow,44.64,0.4932,-1.7
21:02:46,100.0,Flow,44.64,0.4932,-1.7
21:02:46,100.0,Flow,44.64,0.4785,-1.4
21:02:46,100.0,Flow,44.64,0.4785,-1.4
21:02:46,100.0,Flow,44.64,0.5369,-1.3
21:02:46,100.0,Flow,44.64,0.5369,-1.3
21:02:46,100.0,Flow,44.64,0.5234,-1.6
21:02:47,100.0,Flow,44.64,0.5234,-1.6
21:02:47,100.0,Flow,44.64,0.5177,-2.4
21:02:47,100.0,Flow,44.64,0.5177,-2.4
21:02:47,100.0,Flow,44.64,0.5228,-1.3
21:02:47,100.0,Flow,44.64,0.5228,-1.3
21:02:47,100.0,Flow,44.64,0.4215,-2.6
21:02:47,100.0,Flow,44.64,0.4215,-2.6
21:02:47,100.0,Flow,44.64,0.5114,-2.0
21:02:48,100.0,Flow,44.64,0.5114,-2.0
21:02:48,100.0,Flow,44.64,0.4752,-1.5
21:02:48,100.0,Flow,44.64,0.4752,-1.5
21:02:48,100.0,Flow,44.64,0.3791,-3.2
21:02:48,100.0,Flow,44.64,0.3791,-3.2
21:02:48,100.0,Flow,44.64,0.4665,-1.5
21:02:48,100.0,Flow,44.64,0.4665,-1.5
21:02:49,100.0,Flow,44.64,0.4592,-1.0
21:02:49,100.0,Flow,44.64,0.4592,-1.0
21:02:49,100.0,Flow,44.64,0.3865,-1.3
21:02:49,100.0,Flow,44.64,0.3865,-1.3
21:02:49,100.0,Flow,44.64,0.3033,0.1
21:02:49,100.0,Flow,44.64,0.3033,0.1
21:02:49,100.0,Flow,44.64,0.379,4.3
21:02:49,100.0,Flow,44.64,0.379,4.3
21:02:50,100.0,Flow,44.64,0.3848,6.4
21:02:50,100.0,Flow,44.64,0.3848,6.4
21:02:50,100.0,Flow,44.64,0.4309,8.3
21:02:50,100.0,Flow,44.64,0.4309,8.3
21:02:50,100.0,Flow,44.64,0.4464,8.5
21:02:50,100.0,Flow,44.64,0.4464,8.5
21:02:50,100.0,Flow,44.64,0.4266,9.2
21:02:51,100.0,Flow,44.64,0.4266,9.2
21:02:51,100.0,Flow,44.64,0.414,7.9
21:02:51,100.0,Flow,44.64,0.414,7.9
21:02:51,100.0,Flow,44.64,0.4258,8.1
21:02:51,100.0,Flow,44.64,0.4258,8.1
21:02:51,100.0,Flow,44.64,0.4266,8.1
21:02:51,100.0,Flow,44.64,0.4266,8.1
21:02:52,100.0,Flow,44.64,0.4339,8.7
21:02:52,100.0,Flow,44.64,0.4339,8.7
21:02:52,100.0,Flow,44.64,0.4361,8.2
21:02:52,100.0,Flow,44.64,0.4361,8.2
21:02:52,100.0,Flow,44.64,0.4186,8.8
21:02:52,100.0,Flow,44.64,0.4186,8.8
21:02:52,100.0,Flow,44.64,0.4246,8.4
21:02:52,100.0,Flow,44.64,0.4246,8.4
21:02:53,100.0,Flow,44.64,0.4377,8.7
21:02:53,100.0,Flow,44.64,0.4377,8.7
21:02:53,100.0,Flow,44.64,0.4255,9.0
21:02:53,100.0,Flow,44.64,0.4255,9.0
21:02:53,100.0,Flow,44.64,0.4294,8.8
21:02:53,100.0,Flow,44.64,0.4294,8.8
21:02:53,100.0,Flow,44.64,0.4241,8.6
21:02:53,100.0,Flow,44.64,0.4241,8.6
21:02:54,100.0,Flow,44.64,0.4164,8.3
21:02:54,100.0,Flow,44.64,0.4164,8.3
21:02:54,100.0,Flow,44.64,0.4185,8.7
21:02:54,100.0,Flow,44.64,0.4185,8.7
21:02:54,100.0,Flow,44.64,0.4265,8.4
21:02:54,100.0,Flow,44.64,0.4265,8.4
21:02:54,100.0,Flow,44.64,0.3907,8.0
21:02:55,100.0,Flow,44.64,0.3907,8.0
21:02:55,100.0,Flow,44.64,0.4158,8.3
21:02:55,100.0,Flow,44.64,0.4158,8.3
21:02:55,100.0,Flow,44.64,0.3309,8.3
21:02:55,100.0,Flow,44.64,0.3309,8.3
21:02:55,100.0,Flow,44.64,0.424,8.4
21:02:55,100.0,Flow,44.64,0.424,8.4
21:02:55,100.0,Flow,44.64,0.4168,8.1
21:02:56,100.0,Flow,44.64,0.4168,8.1
21:02:56,100.0,Flow,44.64,0.3936,8.5
21:02:56,100.0,Flow,44.64,0.3936,8.5
21:02:56,100.0,Flow,44.64,0.4246,9.0
21:02:56,100.0,Flow,44.64,0.4246,9.0
21:02:56,100.0,Flow,44.64,0.4215,7.8
21:02:56,100.0,Flow,44.64,0.4215,7.8
21:02:57,100.0,Flow,44.64,0.5369,5.5
21:02:57,100.0,Flow,44.64,0.5369,5.5
21:02:57,100.0,Flow,44.64,0.5709,6.2
21:02:57,99.55,Thinking,44.64,0.5709,6.2
21:03:09,99.09,Away,44.64,0.5971,6.0
21:03:21,98.63,Away,44.64,0.5971,6.0
21:03:21,98.16,Away,44.64,0.3,0.0
21:03:21,97.69,Away,44.64,0.3,0.0
21:03:22,97.21,Away,44.64,0.256,-5.9
21:03:22,96.73,Away,44.64,0.256,-5.9
21:03:22,96.24,Away,44.64,0.3973,-3.9
21:03:22,95.88,Flow,25.12,0.3973,-3.9
21:03:34,95.64,Flow,25.12,0.4146,-4.9
21:03:34,95.48,Flow,25.12,0.4146,-4.9
21:03:34,95.4,Flow,25.12,0.4063,-3.9
21:03:35,95.39,Flow,25.12,0.4063,-3.9
21:03:35,95.43,Flow,25.12,0.421,-5.5
21:03:35,95.53,Flow,25.12,0.421,-5.5
21:03:35,95.66,Flow,25.12,0.4121,-4.7
21:03:35,95.83,Flow,25.12,0.4121,-4.7
21:03:35,96.03,Flow,25.12,0.3894,-4.7
21:03:35,96.25,Flow,25.12,0.3894,-4.7
21:03:35,96.49,Flow,25.12,0.406,-5.5
21:03:36,96.75,Flow,25.12,0.406,-5.5
21:03:36,97.03,Flow,25.12,0.3903,-5.1
21:03:36,97.31,Flow,25.12,0.3903,-5.1
21:03:36,97.61,Flow,25.12,0.3804,-4.3
21:03:36,97.91,Flow,25.12,0.3804,-4.3
21:03:36,98.23,Flow,25.12,0.3982,-4.2
21:03:36,98.49,Flow,25.12,0.3982,-4.2
21:03:36,98.72,Flow,25.12,0.2963,-2.1
21:03:37,98.91,Flow,25.12,0.2963,-2.1
21:03:37,99.07,Flow,25.12,0.2963,-1.5
21:03:37,99.21,Flow,25.12,0.2963,-1.5
21:03:37,99.33,Flow,25.12,0.0504,-0.2
21:03:37,99.43,Flow,25.12,0.0504,-0.2
21:03:37,99.52,Flow,25.12,0.3045,2.6
21:03:37,99.59,Flow,25.12,0.3045,2.6
21:03:37,99.65,Flow,25.12,0.2991,5.1
21:03:38,99.7,Flow,25.12,0.2991,5.1
21:03:38,99.75,Flow,25.12,0.3219,4.1
21:03:38,99.79,Flow,25.12,0.3219,4.1
21:03:38,99.82,Flow,25.12,0.3414,5.5
21:03:38,99.85,Flow,25.12,0.3414,5.5
21:03:38,99.87,Flow,25.12,0.3416,5.4
21:03:38,99.89,Flow,25.12,0.3416,5.4
21:03:39,99.9,Flow,25.12,0.3589,5.1
21:03:39,99.92,Flow,25.12,0.3589,5.1
21:03:39,99.93,Flow,25.12,0.0933,6.0
21:03:39,99.94,Flow,25.12,0.0933,6.0
21:03:39,99.95,Flow,25.12,0.3574,4.8
21:03:39,99.96,Flow,25.12,0.3574,4.8
21:03:39,99.96,Flow,25.12,0.306,2.9
21:03:39,99.97,Flow,25.12,0.306,2.9
21:03:40,99.97,Flow,25.12,0.3437,-2.4
21:03:40,99.98,Flow,25.12,0.3437,-2.4
21:03:40,99.98,Flow,25.12,0.1516,-10.8
21:03:40,99.98,Flow,25.12,0.1516,-10.8
21:03:40,99.99,Flow,25.12,0.179,-7.4
21:03:40,99.99,Flow,25.12,0.179,-7.4
21:03:40,99.99,Flow,25.12,0.1481,-6.0
21:03:41,99.99,Flow,25.12,0.1481,-6.0
21:03:41,99.99,Flow,25.12,0.0565,-5.4
21:03:41,99.99,Flow,25.12,0.0565,-5.4
21:03:41,99.99,Flow,25.12,0.0674,-6.1
21:03:41,100.0,Flow,25.12,0.0674,-6.1
21:03:41,100.0,Flow,25.12,0.0972,-4.8
21:03:41,100.0,Flow,25.12,0.0972,-4.8
21:03:41,100.0,Flow,25.12,0.4526,-4.9
21:03:42,100.0,Flow,25.12,0.4526,-4.9
21:03:42,100.0,Flow,25.12,0.4422,-2.8
21:03:42,100.0,Flow,25.12,0.4422,-2.8
21:03:42,100.0,Flow,25.12,0.4956,0.3
21:03:42,100.0,Flow,25.12,0.4956,0.3
21:03:42,100.0,Flow,25.12,0.5031,-0.1
21:03:42,100.0,Flow,25.12,0.5031,-0.1
21:03:42,100.0,Flow,25.12,0.5243,-0.4
21:03:43,100.0,Flow,25.12,0.5243,-0.4
21:03:43,100.0,Flow,25.12,0.3907,-0.8
21:03:43,100.0,Flow,25.12,0.3907,-0.8
21:03:43,100.0,Flow,25.12,0.3525,1.5
21:03:43,100.0,Flow,25.12,0.3525,1.5
21:03:43,100.0,Flow,25.12,0.3371,2.1
21:03:43,100.0,Flow,25.12,0.3371,2.1
21:03:43,100.0,Flow,25.12,0.3278,3.2
21:03:44,100.0,Flow,25.12,0.3278,3.2
21:03:44,100.0,Flow,25.12,0.1504,4.8
21:03:44,100.0,Flow,25.12,0.1504,4.8
21:03:44,100.0,Flow,25.12,0.3523,5.1
21:03:44,100.0,Flow,25.12,0.3523,5.1
21:03:44,100.0,Flow,25.12,0.309,2.9
21:03:44,100.0,Flow,25.12,0.309,2.9
21:03:44,100.0,Flow,25.12,0.3794,5.3
21:03:45,100.0,Flow,25.12,0.3794,5.3
21:03:45,100.0,Flow,25.12,0.3837,6.0
21:03:45,100.0,Flow,25.12,0.3837,6.0
21:03:45,100.0,Flow,25.12,0.1716,7.8
21:03:45,100.0,Flow,25.12,0.1716,7.8
21:03:45,100.0,Flow,25.12,0.2336,13.1
21:03:45,100.0,Flow,25.12,0.2336,13.1
21:03:46,100.0,Flow,25.12,0.1855,5.0
21:03:46,100.0,Flow,25.12,0.1855,5.0
21:03:46,100.0,Flow,25.12,0.3932,5.2
21:03:46,100.0,Flow,25.12,0.3932,5.2
21:03:46,100.0,Flow,25.12,0.4017,2.3
21:03:46,100.0,Flow,25.12,0.4017,2.3
21:03:46,100.0,Flow,25.12,0.2367,-3.6
21:03:46,100.0,Flow,25.12,0.2367,-3.6
21:03:47,100.0,Flow,25.12,0.2902,6.1
21:03:47,100.0,Flow,25.12,0.2902,6.1
21:03:47,100.0,Flow,25.12,0.2815,5.5
21:03:47,100.0,Flow,25.12,0.2815,5.5
21:03:47,100.0,Flow,25.12,0.2876,5.6
21:03:47,100.0,Flow,25.12,0.2876,5.6
21:03:47,100.0,Flow,25.12,0.2779,5.8
21:03:48,100.0,Flow,25.12,0.2779,5.8
21:03:48,100.0,Flow,25.12,0.0723,5.7
21:03:48,100.0,Flow,25.12,0.0723,5.7
21:03:48,100.0,Flow,25.12,0.4238,7.7
21:03:48,100.0,Flow,25.12,0.4238,7.7
21:03:48,100.0,Flow,25.12,0.4213,7.9
21:03:48,100.0,Flow,25.12,0.4213,7.9
21:03:49,100.0,Flow,25.12,0.409,7.8
21:03:49,100.0,Flow,25.12,0.409,7.8
21:03:49,100.0,Flow,25.12,0.4327,8.6
21:03:49,100.0,Flow,25.12,0.4327,8.6
21:03:49,100.0,Flow,25.12,0.4046,9.3
21:03:49,100.0,Flow,25.12,0.4046,9.3
21:03:49,100.0,Flow,25.12,0.4264,9.7
21:03:50,100.0,Flow,25.12,0.4264,9.7
21:03:50,100.0,Flow,25.12,0.4277,9.7
21:03:50,100.0,Flow,25.12,0.4277,9.7
21:03:50,100.0,Flow,25.12,0.4421,8.4
21:03:50,100.0,Flow,25.12,0.4421,8.4
21:03:50,100.0,Flow,25.12,0.4284,9.1
21:03:50,100.0,Flow,25.12,0.4284,9.1
21:03:50,100.0,Flow,25.12,0.4271,8.4
21:03:51,100.0,Flow,25.12,0.4271,8.4
21:03:51,100.0,Flow,25.12,0.4627,9.0
21:03:51,100.0,Flow,25.12,0.4627,9.0
21:03:51,100.0,Flow,25.12,0.429,9.8
21:03:51,100.0,Flow,25.12,0.429,9.8
21:03:51,100.0,Flow,25.12,0.4541,9.7
21:03:51,100.0,Flow,25.12,0.4541,9.7
21:03:51,100.0,Flow,25.12,0.3641,8.4
21:03:52,100.0,Flow,25.12,0.3641,8.4
21:03:52,100.0,Flow,25.12,0.4323,7.7
21:03:52,100.0,Flow,25.12,0.4323,7.7
21:03:52,100.0,Flow,25.12,0.3505,7.0
21:03:52,100.0,Flow,25.12,0.3505,7.0
21:03:52,100.0,Flow,25.12,0.351,6.8
21:03:52,100.0,Flow,25.12,0.351,6.8
21:03:52,100.0,Flow,25.12,0.3859,5.2
21:03:53,100.0,Flow,25.12,0.3859,5.2
21:03:53,100.0,Flow,25.12,0.3602,1.8
21:03:53,100.0,Flow,25.12,0.3602,1.8
21:03:53,100.0,Flow,25.12,0.372,-0.2
21:03:53,100.0,Flow,25.12,0.372,-0.2
21:03:53,100.0,Flow,25.12,0.387,5.3
21:03:53,100.0,Flow,25.12,0.387,5.3
21:03:54,100.0,Flow,25.12,0.0674,4.3
21:03:54,100.0,Flow,25.12,0.0674,4.3
21:03:54,100.0,Flow,25.12,0.3363,6.0
21:03:54,100.0,Flow,25.12,0.3363,6.0
21:03:54,100.0,Flow,25.12,0.1271,4.0
21:03:54,100.0,Flow,25.12,0.1271,4.0
21:03:54,100.0,Flow,25.12,0.0799,6.0
21:03:55,100.0,Flow,25.12,0.0799,6.0
21:03:55,100.0,Flow,25.12,0.1554,6.3
21:03:55,100.0,Flow,25.12,0.1554,6.3
21:03:55,100.0,Flow,25.12,0.2072,6.6
21:03:55,100.0,Flow,25.12,0.2072,6.6
21:03:55,100.0,Flow,25.12,0.0611,8.5
21:03:55,100.0,Flow,25.12,0.0611,8.5
21:03:55,100.0,Flow,25.12,0.0658,8.2
21:03:56,100.0,Flow,25.12,0.0658,8.2
21:03:56,100.0,Flow,25.12,0.0985,8.6
21:03:56,100.0,Flow,25.12,0.0985,8.6
21:03:56,100.0,Flow,25.12,0.0898,8.4
21:03:56,100.0,Flow,25.12,0.0898,8.4
21:03:56,100.0,Flow,25.12,0.0883,8.8
21:03:56,100.0,Flow,25.12,0.0883,8.8
21:03:57,100.0,Flow,25.12,0.2339,8.1
21:03:57,100.0,Flow,25.12,0.2339,8.1
21:03:57,100.0,Flow,25.12,0.4253,7.4
21:03:57,100.0,Flow,25.12,0.4253,7.4
21:03:57,100.0,Flow,25.12,0.4201,6.6
21:03:57,100.0,Flow,25.12,0.4201,6.6
21:03:57,100.0,Flow,25.12,0.32,5.6
21:03:57,100.0,Flow,25.12,0.32,5.6
21:03:58,100.0,Flow,25.12,0.2048,4.5
21:03:58,100.0,Flow,25.12,0.2048,4.5
21:03:58,100.0,Flow,25.12,0.1468,5.7
21:03:58,100.0,Flow,25.12,0.1468,5.7
21:03:58,100.0,Flow,25.12,0.1444,6.7
21:03:58,100.0,Flow,25.12,0.1444,6.7
21:03:58,100.0,Flow,25.12,0.1078,6.0
21:03:58,100.0,Flow,25.12,0.1078,6.0
21:03:59,100.0,Flow,25.12,0.176,6.2
21:03:59,100.0,Flow,25.12,0.176,6.2
21:03:59,100.0,Flow,25.12,0.1382,6.4
21:03:59,100.0,Flow,25.12,0.1382,6.4
21:03:59,100.0,Flow,25.12,0.2798,6.7
21:03:59,100.0,Flow,25.12,0.2798,6.7
21:03:59,100.0,Flow,25.12,0.2671,6.2
21:04:00,100.0,Flow,25.12,0.2671,6.2
21:04:00,100.0,Flow,25.12,0.2497,6.1
21:04:00,100.0,Flow,25.12,0.2497,6.1
21:04:00,100.0,Flow,25.12,0.2896,6.4
21:04:00,100.0,Flow,25.12,0.2896,6.4
21:04:00,100.0,Flow,25.12,0.0689,6.6
21:04:00,100.0,Flow,25.12,0.0689,6.6
21:04:00,100.0,Flow,25.12,0.26,6.6
21:04:01,100.0,Flow,25.12,0.26,6.6
21:04:01,100.0,Flow,25.12,0.2521,5.9
21:04:01,100.0,Flow,25.12,0.2521,5.9
21:04:01,100.0,Flow,25.12,0.2528,6.8
21:04:01,100.0,Flow,25.12,0.2528,6.8
21:04:01,100.0,Flow,25.12,0.2614,6.4
21:04:01,100.0,Flow,25.12,0.2614,6.4
21:04:01,100.0,Flow,25.12,0.058,6.4
21:04:02,100.0,Flow,25.12,0.058,6.4
21:04:02,100.0,Flow,25.12,0.4313,6.9
21:04:02,100.0,Flow,25.12,0.4313,6.9
21:04:02,100.0,Flow,25.12,0.472,6.9
21:04:02,100.0,Flow,25.12,0.472,6.9
21:04:02,100.0,Flow,25.12,0.4639,7.1
21:04:02,100.0,Flow,25.12,0.4639,7.1
21:04:02,100.0,Flow,25.12,0.3426,5.9
21:04:03,100.0,Flow,25.12,0.3426,5.9
21:04:03,100.0,Flow,25.12,0.3142,7.2
21:04:03,100.0,Flow,25.12,0.3142,7.2
21:04:03,100.0,Flow,25.12,0.0578,6.8
21:04:03,100.0,Flow,25.12,0.0578,6.8
21:04:03,100.0,Flow,25.12,0.4204,5.8
21:04:03,100.0,Flow,25.12,0.4204,5.8
21:04:03,100.0,Flow,25.12,0.4705,8.6
21:04:04,100.0,Flow,25.12,0.4705,8.6
21:04:04,100.0,Flow,25.12,0.4204,8.6
21:04:04,100.0,Flow,25.12,0.4204,8.6
21:04:04,100.0,Flow,25.12,0.4713,9.6
21:04:04,100.0,Flow,25.12,0.4713,9.6
21:04:04,100.0,Flow,25.12,0.4792,8.6
21:04:04,100.0,Flow,25.12,0.4792,8.6
21:04:05,100.0,Flow,25.12,0.4815,7.4
21:04:05,100.0,Flow,25.12,0.4815,7.4
21:04:05,100.0,Flow,25.12,0.4886,8.2
21:04:05,100.0,Flow,25.12,0.4886,8.2
21:04:05,100.0,Flow,25.12,0.4525,7.9
21:04:05,100.0,Flow,25.12,0.4525,7.9
21:04:05,100.0,Flow,25.12,0.4287,8.1
21:04:06,100.0,Flow,25.12,0.4287,8.1
21:04:06,100.0,Flow,25.12,0.4685,8.2
21:04:06,100.0,Flow,25.12,0.4685,8.2
21:04:06,100.0,Flow,25.12,0.0851,7.5
21:04:06,100.0,Flow,25.12,0.0851,7.5
21:04:06,100.0,Flow,25.12,0.425,7.7
21:04:06,100.0,Flow,25.12,0.425,7.7
21:04:06,100.0,Flow,25.12,0.519,4.1
21:04:07,100.0,Flow,25.12,0.519,4.1
21:04:07,100.0,Flow,25.12,0.4019,-5.2
21:04:07,100.0,Flow,25.12,0.4019,-5.2
21:04:07,100.0,Flow,25.12,0.3456,-2.8
21:04:07,100.0,Flow,25.12,0.3456,-2.8
21:04:07,100.0,Flow,25.12,0.5319,-2.6
21:04:07,100.0,Flow,25.12,0.5319,-2.6
21:04:08,100.0,Flow,25.12,0.7052,-1.6
21:04:08,100.0,Flow,25.12,0.7052,-1.6
21:04:08,100.0,Flow,25.12,0.6657,-3.0
21:04:08,100.0,Flow,25.12,0.6657,-3.0
21:04:08,100.0,Flow,25.12,0.43,4.4
21:04:08,100.0,Flow,25.12,0.43,4.4
21:04:08,100.0,Flow,25.12,0.4068,2.3
21:04:08,100.0,Flow,25.12,0.4068,2.3
21:04:09,100.0,Flow,25.12,0.432,1.9
21:04:09,100.0,Flow,25.12,0.432,1.9
21:04:09,100.0,Flow,25.12,0.3844,2.7
21:04:09,100.0,Flow,25.12,0.3844,2.7
21:04:09,100.0,Flow,25.12,0.436,4.5
21:04:09,100.0,Flow,25.12,0.436,4.5
21:04:09,100.0,Flow,25.12,0.4081,4.3
21:04:10,100.0,Flow,25.12,0.4081,4.3
21:04:10,100.0,Flow,25.12,0.4296,3.3
21:04:10,100.0,Flow,25.12,0.4296,3.3
21:04:10,100.0,Flow,25.12,0.4331,3.7
21:04:10,100.0,Flow,25.12,0.4331,3.7
21:04:10,100.0,Flow,25.12,0.4353,2.1
21:04:10,100.0,Flow,25.12,0.4353,2.1
21:04:10,100.0,Flow,25.12,0.4508,1.8
21:04:11,100.0,Flow,25.12,0.4508,1.8
21:04:11,100.0,Flow,25.12,0.3957,1.5
21:04:11,100.0,Flow,25.12,0.3957,1.5
21:04:11,100.0,Flow,25.12,0.4126,2.8
21:04:11,100.0,Flow,25.12,0.4126,2.8
21:04:11,100.0,Flow,25.12,0.156,2.3
21:04:11,100.0,Flow,25.12,0.156,2.3
21:04:11,100.0,Flow,25.12,0.382,2.3
21:04:12,100.0,Flow,25.12,0.382,2.3
21:04:12,100.0,Flow,25.12,0.4493,4.1
21:04:12,100.0,Flow,25.12,0.4493,4.1
21:04:12,100.0,Flow,25.12,0.4618,7.3
21:04:12,100.0,Flow,25.12,0.4618,7.3
21:04:12,100.0,Flow,25.12,0.4656,7.7
21:04:12,100.0,Flow,25.12,0.4656,7.7
21:04:13,100.0,Flow,25.12,0.4494,7.8
21:04:13,100.0,Flow,25.12,0.4494,7.8
21:04:13,100.0,Flow,25.12,0.4733,7.9
21:04:13,100.0,Flow,25.12,0.4733,7.9
21:04:13,100.0,Flow,25.12,0.4877,7.6
21:04:13,100.0,Flow,25.12,0.4877,7.6
21:04:13,100.0,Flow,25.12,0.4665,8.1
21:04:13,100.0,Flow,25.12,0.4665,8.1
21:04:14,100.0,Flow,25.12,0.3121,7.3
21:04:14,100.0,Flow,25.12,0.3121,7.3
21:04:14,100.0,Flow,25.12,0.2857,7.5
21:04:14,100.0,Flow,25.12,0.2857,7.5
21:04:14,100.0,Flow,25.12,0.3851,7.1
21:04:14,100.0,Flow,25.12,0.3851,7.1
21:04:14,100.0,Flow,25.12,0.4338,7.0
21:04:15,100.0,Flow,25.12,0.4338,7.0
21:04:15,100.0,Flow,25.12,0.4467,7.0
21:04:15,100.0,Flow,25.12,0.4467,7.0
21:04:15,100.0,Flow,25.12,0.4672,6.8
21:04:15,100.0,Flow,25.12,0.4672,6.8
21:04:15,100.0,Flow,25.12,0.4592,6.9
21:04:15,100.0,Flow,25.12,0.4592,6.9
21:04:15,100.0,Flow,25.12,0.4427,7.1
21:04:16,100.0,Flow,25.12,0.4427,7.1
21:04:16,100.0,Flow,25.12,0.4595,7.5
21:04:16,100.0,Flow,25.12,0.4595,7.5
21:04:16,100.0,Flow,25.12,0.4511,7.3
21:04:16,100.0,Flow,25.12,0.4511,7.3
21:04:16,100.0,Flow,25.12,0.416,6.5
21:04:16,100.0,Flow,25.12,0.416,6.5
21:04:16,100.0,Flow,25.12,0.4156,6.0
21:04:17,100.0,Flow,25.12,0.4156,6.0
21:04:17,100.0,Flow,25.12,0.4366,6.5
21:04:17,100.0,Flow,25.12,0.4366,6.5
21:04:17,100.0,Flow,25.12,0.4559,6.6
21:04:17,100.0,Flow,25.12,0.4559,6.6
21:04:17,100.0,Flow,25.12,0.4653,5.8
21:04:17,100.0,Flow,25.12,0.4653,5.8
21:04:18,100.0,Flow,25.12,0.0696,4.7
21:04:18,100.0,Flow,25.12,0.0696,4.7
21:04:18,100.0,Flow,25.12,0.3294,4.8
21:04:18,100.0,Flow,25.12,0.3294,4.8
21:04:18,100.0,Flow,25.12,0.3097,6.5
21:04:18,100.0,Flow,25.12,0.3097,6.5
21:04:18,100.0,Flow,25.12,0.3021,5.3
21:04:19,100.0,Flow,25.12,0.3021,5.3
21:04:19,100.0,Flow,25.12,0.2687,5.3
21:04:19,100.0,Flow,25.12,0.2687,5.3
21:04:19,100.0,Flow,25.12,0.06,6.5
21:04:19,100.0,Flow,25.12,0.06,6.5
21:04:19,100.0,Flow,25.12,0.3978,6.0
21:04:19,100.0,Flow,25.12,0.3978,6.0
21:04:19,100.0,Flow,25.12,0.4262,5.3
21:04:20,100.0,Flow,25.12,0.4262,5.3
21:04:20,100.0,Flow,25.12,0.3361,4.6
21:04:20,100.0,Flow,25.12,0.3361,4.6
21:04:20,100.0,Flow,25.12,0.3043,5.3
21:04:20,100.0,Flow,25.12,0.3043,5.3
21:04:20,100.0,Flow,25.12,0.3357,5.4
21:04:20,100.0,Flow,25.12,0.3357,5.4
21:04:20,100.0,Flow,25.12,0.3059,5.6
21:04:21,100.0,Flow,25.12,0.3059,5.6
21:04:21,100.0,Flow,25.12,0.0658,5.1
21:04:21,100.0,Flow,25.12,0.0658,5.1
21:04:21,100.0,Flow,25.12,0.4127,4.7
21:04:21,100.0,Flow,25.12,0.4127,4.7
21:04:21,100.0,Flow,25.12,0.1921,3.0
21:04:21,100.0,Flow,25.12,0.1921,3.0
21:04:21,100.0,Flow,25.12,0.378,1.5
21:04:22,100.0,Flow,25.12,0.378,1.5
21:04:22,100.0,Flow,25.12,0.3767,3.5
21:04:22,100.0,Flow,25.12,0.3767,3.5
21:04:22,100.0,Flow,25.12,0.4388,6.2
21:04:22,100.0,Flow,25.12,0.4388,6.2
21:04:22,100.0,Flow,25.12,0.4267,8.9
21:04:22,100.0,Flow,25.12,0.4267,8.9
21:04:23,100.0,Flow,25.12,0.4526,9.1
21:04:23,100.0,Flow,25.12,0.4526,9.1
21:04:23,100.0,Flow,25.12,0.4679,8.8
21:04:23,100.0,Flow,25.12,0.4679,8.8
21:04:23,100.0,Flow,25.12,0.5023,7.7
21:04:23,100.0,Flow,25.12,0.5023,7.7
21:04:23,100.0,Flow,25.12,0.4722,6.4
21:04:23,100.0,Flow,25.12,0.4722,6.4
21:04:24,100.0,Flow,25.12,0.4852,6.2
21:04:24,100.0,Flow,25.12,0.4852,6.2
21:04:24,100.0,Flow,25.12,0.4755,5.5
21:04:24,100.0,Flow,25.12,0.4755,5.5
21:04:24,100.0,Flow,25.12,0.3712,5.5
21:04:24,100.0,Flow,25.12,0.3712,5.5
21:04:24,100.0,Flow,25.12,0.4345,6.8
21:04:24,100.0,Flow,25.12,0.4345,6.8
21:04:25,100.0,Flow,25.12,0.4338,6.6
21:04:25,100.0,Flow,25.12,0.4338,6.6
21:04:25,100.0,Flow,25.12,0.4414,7.5
21:04:25,100.0,Flow,25.12,0.4414,7.5
21:04:25,100.0,Flow,25.12,0.478,7.5
21:04:25,100.0,Flow,25.12,0.478,7.5
21:04:25,100.0,Flow,25.12,0.4462,6.5
21:04:26,100.0,Flow,25.12,0.4462,6.5
21:04:26,100.0,Flow,25.12,0.4856,7.1
21:04:26,100.0,Flow,25.12,0.4856,7.1
21:04:26,100.0,Flow,25.12,0.4893,6.3
21:04:26,100.0,Flow,25.12,0.4893,6.3
21:04:26,100.0,Flow,25.12,0.4835,6.8
21:04:26,100.0,Flow,25.12,0.4835,6.8
21:04:26,100.0,Flow,25.12,0.507,7.1
21:04:27,100.0,Flow,25.12,0.507,7.1
21:04:27,100.0,Flow,25.12,0.5167,6.5
21:04:27,100.0,Flow,25.12,0.5167,6.5
21:04:27,100.0,Flow,25.12,0.4396,8.1
21:04:27,100.0,Flow,25.12,0.4396,8.1
21:04:27,100.0,Flow,25.12,0.489,8.9
21:04:27,100.0,Flow,25.12,0.489,8.9
21:04:27,100.0,Flow,25.12,0.5031,8.7
21:04:28,100.0,Flow,25.12,0.5031,8.7
21:04:28,100.0,Flow,25.12,0.5138,10.0
21:04:28,100.0,Flow,25.12,0.5138,10.0
21:04:28,100.0,Flow,25.12,0.5532,9.3
21:04:28,100.0,Flow,25.12,0.5532,9.3
21:04:28,100.0,Flow,25.12,0.5529,8.0
21:04:28,100.0,Flow,25.12,0.5529,8.0
21:04:28,100.0,Flow,25.12,0.5301,7.7
21:04:29,100.0,Flow,25.12,0.5301,7.7
21:04:29,100.0,Flow,25.12,0.5167,5.9
21:04:29,100.0,Flow,25.12,0.5167,5.9
21:04:29,100.0,Flow,25.12,0.5088,5.9
21:04:29,100.0,Flow,25.12,0.5088,5.9
21:04:29,100.0,Flow,25.12,0.5218,5.6
21:04:29,100.0,Flow,25.12,0.5218,5.6
21:04:29,100.0,Flow,25.12,0.5192,5.9
21:04:30,100.0,Flow,25.12,0.5192,5.9
21:04:30,100.0,Flow,25.12,0.5149,6.3
21:04:30,100.0,Flow,25.12,0.5149,6.3
21:04:30,100.0,Flow,25.12,0.4979,6.8
21:04:30,100.0,Flow,25.12,0.4979,6.8
21:04:30,100.0,Flow,25.12,0.5176,6.7
21:04:30,100.0,Flow,25.12,0.5176,6.7
21:04:30,100.0,Flow,25.12,0.5085,6.9
21:04:31,100.0,Flow,25.12,0.5085,6.9
21:04:31,100.0,Flow,25.12,0.4797,6.9
21:04:31,100.0,Flow,25.12,0.4797,6.9
21:04:31,100.0,Flow,25.12,0.3167,5.7
21:04:31,100.0,Flow,25.12,0.3167,5.7
21:04:31,100.0,Flow,25.12,0.4631,5.9
21:04:31,100.0,Flow,25.12,0.4631,5.9
21:04:32,100.0,Flow,25.12,0.4756,7.7
21:04:32,100.0,Flow,25.12,0.4756,7.7
21:04:32,100.0,Flow,25.12,0.4418,7.6
21:04:32,100.0,Flow,25.12,0.4418,7.6
21:04:32,100.0,Flow,25.12,0.4342,6.9
21:04:32,100.0,Flow,25.12,0.4342,6.9
21:04:32,100.0,Flow,25.12,0.4134,7.0
21:04:33,100.0,Flow,25.12,0.4134,7.0
21:04:33,100.0,Flow,25.12,0.4651,8.6
21:04:33,100.0,Flow,25.12,0.4651,8.6
21:04:33,100.0,Flow,25.12,0.4767,7.8
21:04:33,100.0,Flow,25.12,0.4767,7.8
21:04:33,100.0,Flow,25.12,0.2525,7.5
21:04:33,100.0,Flow,25.12,0.2525,7.5
21:04:33,100.0,Flow,25.12,0.386,6.4
21:04:34,100.0,Flow,25.12,0.386,6.4
21:04:34,100.0,Flow,25.12,0.4169,6.5
21:04:34,100.0,Flow,25.12,0.4169,6.5
21:04:34,100.0,Flow,25.12,0.4726,6.6
21:04:34,100.0,Flow,25.12,0.4726,6.6
21:04:34,100.0,Flow,25.12,0.4921,7.1
21:04:34,100.0,Flow,25.12,0.4921,7.1
21:04:35,100.0,Flow,25.12,0.4597,6.9
21:04:35,100.0,Flow,25.12,0.4597,6.9
21:04:35,100.0,Flow,25.12,0.2605,4.5
21:04:35,100.0,Flow,25.12,0.2605,4.5
21:04:35,100.0,Flow,25.12,0.4306,5.0
21:04:35,100.0,Flow,25.12,0.4306,5.0
21:04:35,100.0,Flow,25.12,0.4315,5.0
21:04:35,100.0,Flow,25.12,0.4315,5.0
21:04:36,100.0,Flow,25.12,0.4294,5.5
21:04:36,100.0,Flow,25.12,0.4294,5.5
21:04:36,100.0,Flow,25.12,0.4488,6.5
21:04:36,100.0,Flow,25.12,0.4488,6.5
21:04:36,100.0,Flow,25.12,0.4638,6.4
21:04:36,100.0,Flow,25.12,0.4638,6.4
21:04:36,100.0,Flow,25.12,0.4438,5.6
21:04:36,100.0,Flow,25.12,0.4438,5.6
21:04:37,100.0,Flow,25.12,0.4642,5.5
21:04:37,100.0,Flow,25.12,0.4642,5.5
21:04:37,100.0,Flow,25.12,0.4429,6.1
21:04:37,100.0,Flow,25.12,0.4429,6.1
21:04:37,100.0,Flow,25.12,0.4352,6.3
21:04:37,100.0,Flow,25.12,0.4352,6.3
21:04:37,100.0,Flow,25.12,0.4475,6.1
21:04:37,100.0,Flow,25.12,0.4475,6.1
21:04:38,100.0,Flow,25.12,0.4746,5.7
21:04:38,100.0,Flow,25.12,0.4746,5.7
21:04:38,100.0,Flow,25.12,0.4556,6.1
21:04:38,100.0,Flow,25.12,0.4556,6.1
21:04:38,100.0,Flow,25.12,0.4639,5.8
21:04:38,100.0,Flow,25.12,0.4639,5.8
21:04:38,100.0,Flow,25.12,0.4534,5.6
21:04:38,100.0,Flow,25.12,0.4534,5.6
21:04:39,100.0,Flow,25.12,0.4678,7.0
21:04:39,100.0,Flow,25.12,0.4678,7.0
21:04:39,100.0,Flow,25.12,0.4655,6.0
21:04:39,100.0,Flow,25.12,0.4655,6.0
21:04:39,100.0,Flow,25.12,0.488,7.1
21:04:39,100.0,Flow,25.12,0.488,7.1
21:04:39,100.0,Flow,25.12,0.4157,5.9
21:04:40,100.0,Flow,25.12,0.4157,5.9
21:04:40,100.0,Flow,25.12,0.4822,6.8
21:04:40,100.0,Flow,25.12,0.4822,6.8
21:04:40,100.0,Flow,25.12,0.46,7.0
21:04:40,100.0,Flow,25.12,0.46,7.0
21:04:40,100.0,Flow,25.12,0.4755,6.5
21:04:40,100.0,Flow,25.12,0.4755,6.5
21:04:40,100.0,Flow,25.12,0.4518,6.4
21:04:41,100.0,Flow,25.12,0.4518,6.4
21:04:41,100.0,Flow,25.12,0.4707,6.4
21:04:41,100.0,Flow,25.12,0.4707,6.4
21:04:41,100.0,Flow,25.12,0.4737,7.2
21:04:41,100.0,Flow,25.12,0.4737,7.2
21:04:41,100.0,Flow,25.12,0.4732,6.6
21:04:41,100.0,Flow,25.12,0.4732,6.6
21:04:41,100.0,Flow,25.12,0.4378,5.4
21:04:42,100.0,Flow,25.12,0.4378,5.4
21:04:42,100.0,Flow,25.12,0.3769,6.3
21:04:42,100.0,Flow,25.12,0.3769,6.3
21:04:42,100.0,Flow,25.12,0.4466,6.8
21:04:42,100.0,Flow,25.12,0.4466,6.8
21:04:42,100.0,Flow,25.12,0.4618,6.6
21:04:42,100.0,Flow,25.12,0.4618,6.6
21:04:42,100.0,Flow,25.12,0.4575,7.4
21:04:43,100.0,Flow,25.12,0.4575,7.4
21:04:43,100.0,Flow,25.12,0.4519,7.3
21:04:43,100.0,Flow,25.12,0.4519,7.3
21:04:43,100.0,Flow,25.12,0.4601,6.0
21:04:43,100.0,Flow,25.12,0.4601,6.0
21:04:43,100.0,Flow,25.12,0.4349,5.8
21:04:43,100.0,Flow,25.12,0.4349,5.8
21:04:43,100.0,Flow,25.12,0.2867,6.0
21:04:44,100.0,Flow,25.12,0.2867,6.0
21:04:44,100.0,Flow,25.12,0.3955,5.6
21:04:44,100.0,Flow,25.12,0.3955,5.6
21:04:44,100.0,Flow,25.12,0.4076,6.2
21:04:44,100.0,Flow,25.12,0.4076,6.2
21:04:44,100.0,Flow,25.12,0.429,5.1
21:04:44,100.0,Flow,25.12,0.429,5.1
21:04:45,100.0,Flow,25.12,0.4423,5.2
21:04:45,100.0,Flow,25.12,0.4423,5.2
21:04:45,100.0,Flow,25.12,0.4592,4.0
21:04:45,100.0,Flow,25.12,0.4592,4.0
21:04:45,100.0,Flow,25.12,0.7507,-2.0
21:04:45,100.0,Flow,25.12,0.7507,-2.0
21:04:45,100.0,Flow,25.12,0.6407,-4.6
21:04:45,100.0,Flow,25.12,0.6407,-4.6
21:04:46,100.0,Flow,25.12,0.6734,-6.4
21:04:46,100.0,Flow,25.12,0.6734,-6.4
21:04:46,100.0,Flow,25.12,0.6518,-7.1
21:04:46,100.0,Flow,25.12,0.6518,-7.1
21:04:46,100.0,Flow,25.12,0.5963,-7.6
21:04:46,100.0,Flow,25.12,0.5963,-7.6
21:04:46,100.0,Flow,25.12,0.5559,-7.6
21:04:46,100.0,Flow,25.12,0.5559,-7.6
21:04:47,100.0,Flow,25.12,0.4935,-7.1
21:04:47,100.0,Flow,25.12,0.4935,-7.1
21:04:47,100.0,Flow,25.12,0.5588,-6.2
21:04:47,100.0,Flow,25.12,0.5588,-6.2
21:04:47,100.0,Flow,25.12,0.5733,-7.0
21:04:48,100.0,Flow,25.12,0.5733,-7.0
21:04:48,100.0,Flow,25.12,0.233,-2.7
21:04:48,100.0,Flow,25.12,0.233,-2.7
21:04:48,100.0,Flow,25.12,0.3602,-2.5
21:04:48,100.0,Flow,25.12,0.3602,-2.5
21:04:48,100.0,Flow,25.12,0.3824,1.9
21:04:48,100.0,Flow,25.12,0.3824,1.9
21:04:48,100.0,Flow,25.12,0.4325,5.8
21:04:49,100.0,Flow,25.12,0.4325,5.8
21:04:49,100.0,Flow,25.12,0.4313,1.7
21:04:49,100.0,Flow,25.12,0.4313,1.7
21:04:49,100.0,Flow,25.12,0.661,-4.6
21:04:49,100.0,Flow,25.12,0.661,-4.6
21:04:49,100.0,Flow,25.12,0.6997,-3.1
21:04:49,100.0,Flow,25.12,0.6997,-3.1
21:04:50,100.0,Flow,25.12,0.6477,-5.2
21:04:50,100.0,Flow,25.12,0.6477,-5.2
21:04:50,100.0,Flow,25.12,0.5968,-6.3
21:04:50,100.0,Flow,25.12,0.5968,-6.3
21:04:50,100.0,Flow,25.12,0.5453,-8.6
21:04:50,100.0,Flow,25.12,0.5453,-8.6
21:04:50,100.0,Flow,25.12,0.5336,-6.1
21:04:51,100.0,Flow,25.12,0.5336,-6.1
21:04:51,100.0,Flow,25.12,0.5811,-7.7
21:04:51,100.0,Flow,25.12,0.5811,-7.7
21:04:51,100.0,Flow,25.12,0.5449,-6.7
21:04:51,100.0,Flow,25.12,0.5449,-6.7
21:04:51,100.0,Flow,25.12,0.4768,-5.6
21:04:51,100.0,Flow,25.12,0.4768,-5.6
21:04:51,100.0,Flow,25.12,0.5527,-7.8
21:04:52,100.0,Flow,25.12,0.5527,-7.8
21:04:52,100.0,Flow,25.12,0.5913,-5.2
21:04:52,100.0,Flow,25.12,0.5913,-5.2
21:04:52,100.0,Flow,25.12,0.5532,-7.1
21:04:52,100.0,Flow,25.12,0.5532,-7.1
21:04:52,100.0,Flow,25.12,0.5167,-6.5
21:04:52,100.0,Flow,25.12,0.5167,-6.5
21:04:52,100.0,Flow,25.12,0.1031,-5.7
21:04:53,100.0,Flow,25.12,0.1031,-5.7
21:04:53,100.0,Flow,25.12,0.3585,3.6
21:04:53,100.0,Flow,25.12,0.3585,3.6
21:04:53,100.0,Flow,25.12,0.2232,6.3
21:04:53,100.0,Flow,25.12,0.2232,6.3
21:04:53,100.0,Flow,25.12,0.1985,4.0
21:04:53,100.0,Flow,25.12,0.1985,4.0
21:04:54,100.0,Flow,25.12,0.1334,3.9
21:04:54,100.0,Flow,25.12,0.1334,3.9
21:04:54,100.0,Flow,25.12,0.3806,2.9
21:04:54,100.0,Flow,25.12,0.3806,2.9
21:04:54,100.0,Flow,25.12,0.4096,3.7
21:04:54,100.0,Flow,25.12,0.4096,3.7
21:04:54,100.0,Flow,25.12,0.4428,5.8
21:04:54,100.0,Flow,25.12,0.4428,5.8
21:04:55,100.0,Flow,25.12,0.4487,7.2
21:04:55,100.0,Flow,25.12,0.4487,7.2
21:04:55,100.0,Flow,25.12,0.4559,8.6
21:04:55,100.0,Flow,25.12,0.4559,8.6
21:04:55,100.0,Flow,25.12,0.4602,12.0
21:04:55,100.0,Flow,25.12,0.4602,12.0
21:04:55,100.0,Flow,25.12,0.4699,11.1
21:04:56,100.0,Flow,25.12,0.4699,11.1
21:04:56,100.0,Flow,25.12,0.4514,11.0
21:04:56,100.0,Flow,25.12,0.4514,11.0
21:04:56,100.0,Flow,25.12,0.4489,11.0
21:04:56,100.0,Flow,25.12,0.4489,11.0
21:04:56,100.0,Flow,25.12,0.4547,10.8
21:04:56,100.0,Flow,25.12,0.4547,10.8
21:04:56,100.0,Flow,25.12,0.309,9.0
21:04:57,100.0,Flow,25.12,0.309,9.0
21:04:57,100.0,Flow,25.12,0.3179,9.9
21:04:57,100.0,Flow,25.12,0.3179,9.9
21:04:57,100.0,Flow,25.12,0.3,0.0
21:04:57,100.0,Flow,25.12,0.3,0.0
21:04:57,100.0,Flow,25.12,0.2912,-11.8
21:04:57,100.0,Flow,25.12,0.2912,-11.8
21:04:58,100.0,Flow,25.12,0.4899,-9.4
21:04:58,100.0,Flow,25.12,0.4899,-9.4
21:04:58,100.0,Flow,25.12,0.4587,-10.1
21:04:58,100.0,Flow,25.12,0.4587,-10.1
21:04:58,100.0,Flow,25.12,0.494,-10.7
21:04:58,100.0,Flow,25.12,0.494,-10.7
21:04:58,100.0,Flow,25.12,0.3428,-9.5
21:04:58,100.0,Flow,25.12,0.3428,-9.5
21:04:59,100.0,Flow,25.12,0.458,-10.2
21:04:59,100.0,Flow,25.12,0.458,-10.2
21:04:59,100.0,Flow,25.12,0.3057,-11.4
21:04:59,100.0,Flow,25.12,0.3057,-11.4
21:04:59,100.0,Flow,25.12,0.3742,-11.3
21:04:59,100.0,Flow,25.12,0.3742,-11.3
21:04:59,100.0,Flow,25.12,0.0698,-5.4
21:04:59,100.0,Flow,25.12,0.0698,-5.4
21:05:00,100.0,Flow,25.12,0.3677,0.4
21:05:00,100.0,Flow,25.12,0.3677,0.4
21:05:00,100.0,Flow,25.12,0.397,7.5
21:05:00,100.0,Flow,25.12,0.397,7.5
21:05:00,100.0,Flow,25.12,0.2802,10.7
21:05:00,100.0,Flow,25.12,0.2802,10.7
21:05:00,100.0,Flow,25.12,0.2581,7.6
21:05:00,100.0,Flow,25.12,0.2581,7.6
21:05:01,100.0,Flow,25.12,0.3834,5.8
21:05:01,100.0,Flow,25.12,0.3834,5.8
21:05:01,100.0,Flow,25.12,0.0708,4.4
21:05:01,100.0,Flow,25.12,0.0708,4.4
21:05:01,100.0,Flow,25.12,0.21,6.3
21:05:01,100.0,Flow,25.12,0.21,6.3
21:05:01,100.0,Flow,25.12,0.0574,6.1
21:05:01,100.0,Flow,25.12,0.0574,6.1
21:05:02,100.0,Flow,25.12,0.4759,2.1
21:05:02,100.0,Flow,25.12,0.4759,2.1
21:05:02,100.0,Flow,25.12,0.672,-6.1
21:05:02,100.0,Flow,25.12,0.672,-6.1
21:05:02,100.0,Flow,25.12,0.4215,-5.4
21:05:02,100.0,Flow,25.12,0.4215,-5.4
21:05:02,100.0,Flow,25.12,0.1765,-5.0
21:05:02,100.0,Flow,25.12,0.1765,-5.0
21:05:03,100.0,Flow,25.12,0.3444,7.0
21:05:03,100.0,Flow,25.12,0.3444,7.0
21:05:03,100.0,Flow,25.12,0.3695,4.1
21:05:03,100.0,Flow,25.12,0.3695,4.1
21:05:03,100.0,Flow,25.12,0.3706,3.6
21:05:03,100.0,Flow,25.12,0.3706,3.6
21:05:04,100.0,Flow,25.12,0.3291,3.0
21:05:04,100.0,Flow,25.12,0.3291,3.0
21:05:04,100.0,Flow,25.12,0.3064,4.4
21:05:04,100.0,Flow,25.12,0.3064,4.4
21:05:04,100.0,Flow,25.12,0.2082,4.8
21:05:04,100.0,Flow,25.12,0.2082,4.8
21:05:04,100.0,Flow,25.12,0.0632,4.9
21:05:05,100.0,Flow,25.12,0.0632,4.9
21:05:05,100.0,Flow,25.12,0.2996,5.8
21:05:05,100.0,Flow,25.12,0.2996,5.8
21:05:05,100.0,Flow,25.12,0.2955,5.5
21:05:05,100.0,Flow,25.12,0.2955,5.5
21:05:05,100.0,Flow,25.12,0.2635,6.0
21:05:05,100.0,Flow,25.12,0.2635,6.0
21:05:05,100.0,Flow,25.12,0.2606,3.7
21:05:06,100.0,Flow,25.12,0.2606,3.7
21:05:06,100.0,Flow,25.12,0.1933,-0.1
21:05:06,99.55,Thinking,25.12,0.1933,-0.1
21:05:18,99.08,Drowsy,25.12,0.1832,3.0
21:05:31,98.59,Drowsy,25.12,0.1832,3.0
21:05:31,98.09,Away,25.12,0.368,0.4
21:05:43,97.6,Away,25.12,0.368,0.4
21:05:43,97.1,Away,25.12,0.365,-2.8
21:05:43,96.61,Away,25.12,0.365,-2.8
21:05:43,96.11,Away,25.12,0.327,-4.9
21:05:43,95.62,Away,25.12,0.327,-4.9
21:05:44,95.12,Away,25.12,0.3587,-5.4
21:05:44,94.62,Away,25.12,0.3587,-5.4
21:05:44,94.12,Away,25.12,0.3,0.0
21:05:44,93.62,Away,25.12,0.3,0.0
21:05:44,93.13,Away,25.12,0.3265,30.7
21:05:44,92.63,Away,25.12,0.3265,30.7
21:05:44,92.1,Away,25.12,0.334,29.9
21:05:44,91.54,Away,25.12,0.334,29.9
21:05:45,90.97,Away,25.12,0.3652,30.2
21:05:45,90.37,Away,25.12,0.3652,30.2
21:05:45,89.76,Away,25.12,0.3519,30.6
21:05:45,89.14,Away,25.12,0.3519,30.6
21:05:45,88.5,Away,25.12,0.36,29.8
21:05:45,87.86,Away,25.12,0.36,29.8
21:05:45,87.2,Away,25.12,0.3661,30.4
21:05:45,86.54,Away,25.12,0.3661,30.4
21:05:46,85.88,Away,25.12,0.3666,30.5
21:05:46,85.2,Away,25.12,0.3666,30.5
21:05:46,84.53,Away,25.12,0.3487,31.4
21:05:46,83.85,Away,25.12,0.3487,31.4
21:05:46,83.17,Away,25.12,0.3443,30.6
21:05:46,82.48,Away,25.12,0.3443,30.6
21:05:46,81.79,Away,25.12,0.3411,30.2
21:05:46,81.11,Away,25.12,0.3411,30.2
21:05:47,80.41,Away,25.12,0.3494,29.6
21:05:47,79.72,Away,25.12,0.3494,29.6
21:05:47,79.03,Away,25.12,0.3267,29.4
21:05:47,78.33,Away,25.12,0.3267,29.4
21:05:47,77.64,Away,25.12,0.3468,30.7
21:05:47,76.94,Away,25.12,0.3468,30.7
21:05:47,76.25,Away,25.12,0.3217,30.4
21:05:47,75.55,Away,25.12,0.3217,30.4
21:05:48,74.85,Away,25.12,0.3726,30.0
21:05:48,74.15,Away,25.12,0.3726,30.0
21:05:48,73.46,Away,25.12,0.3788,30.2
21:05:48,72.76,Away,25.12,0.3788,30.2
21:05:48,72.06,Away,25.12,0.3504,31.0
21:05:48,71.36,Away,25.12,0.3504,31.0
21:05:48,70.66,Away,25.12,0.3654,30.8
21:05:48,69.96,Away,25.12,0.3654,30.8
21:05:49,69.26,Away,25.12,0.3663,30.5
21:05:49,68.56,Away,25.12,0.3663,30.5
21:05:49,67.86,Away,25.12,0.387,30.7
21:05:49,67.16,Away,25.12,0.387,30.7
21:05:49,66.46,Away,25.12,0.3424,30.8
21:05:49,65.76,Away,25.12,0.3424,30.8
21:05:49,65.07,Away,25.12,0.3514,31.0
21:05:50,64.37,Away,25.12,0.3514,31.0
21:05:50,63.67,Away,25.12,0.3829,30.9
21:05:50,62.97,Away,25.12,0.3829,30.9
21:05:50,62.27,Away,25.12,0.3416,30.3
21:05:50,61.57,Away,25.12,0.3416,30.3
21:05:50,60.87,Away,25.12,0.3687,30.2
21:05:50,60.17,Away,25.12,0.3687,30.2
21:05:50,59.47,Away,25.12,0.3503,29.8
21:05:51,58.77,Away,25.12,0.3503,29.8
21:05:51,58.07,Away,25.12,0.3922,30.3
21:05:51,57.37,Away,25.12,0.3922,30.3
21:05:51,56.67,Away,25.12,0.3535,29.9
21:05:51,55.97,Away,25.12,0.3535,29.9
21:05:51,55.27,Away,25.12,0.371,30.1
21:05:51,54.57,Away,25.12,0.371,30.1
21:05:52,53.87,Away,25.12,0.3392,30.6
21:05:52,53.17,Away,25.12,0.3392,30.6
21:05:52,52.47,Away,25.12,0.3087,30.3
21:05:52,51.77,Away,25.12,0.3087,30.3
21:05:52,51.07,Away,25.12,0.3436,30.8
21:05:52,50.37,Away,25.12,0.3436,30.8
21:05:52,49.67,Away,25.12,0.3264,30.8
21:05:52,48.97,Away,25.12,0.3264,30.8
21:05:53,48.27,Away,25.12,0.3172,30.6
21:05:53,47.57,Away,25.12,0.3172,30.6
21:05:53,46.87,Away,25.12,0.3439,30.1
21:05:53,46.17,Away,25.12,0.3439,30.1
21:05:53,45.47,Away,25.12,0.3244,31.8
21:05:53,44.77,Away,25.12,0.3244,31.8
21:05:53,44.07,Away,25.12,0.3499,30.1
21:05:53,43.37,Away,25.12,0.3499,30.1
21:05:54,42.67,Away,25.12,0.3348,29.8
21:05:54,41.97,Away,25.12,0.3348,29.8
21:05:54,41.27,Away,25.12,0.3703,29.3
21:05:54,40.57,Away,25.12,0.3703,29.3
21:05:54,39.87,Away,25.12,0.3359,30.5
21:05:54,39.17,Away,25.12,0.3359,30.5
21:05:54,38.47,Away,25.12,0.355,30.5
21:05:55,37.77,Away,25.12,0.355,30.5
21:05:55,37.07,Away,25.12,0.3461,30.6
21:05:55,36.37,Away,25.12,0.3461,30.6
21:05:55,35.67,Away,25.12,0.331,31.1
21:05:55,34.97,Away,25.12,0.331,31.1
21:05:55,34.27,Away,25.12,0.3354,30.3
21:05:55,33.57,Away,25.12,0.3354,30.3
21:05:55,32.87,Away,25.12,0.3263,30.6
21:05:56,32.17,Away,25.12,0.3263,30.6
21:05:56,31.47,Away,25.12,0.3164,30.8
21:05:56,30.77,Away,25.12,0.3164,30.8
21:05:56,30.07,Away,25.12,0.3574,30.3
21:05:56,29.37,Away,25.12,0.3574,30.3
21:05:56,28.67,Away,25.12,0.3474,29.9
21:05:56,27.97,Away,25.12,0.3474,29.9
21:05:57,27.27,Away,25.12,0.3494,29.8
21:05:57,26.57,Away,25.12,0.3494,29.8
21:05:57,25.87,Away,25.12,0.3421,30.8
21:05:57,25.17,Away,25.12,0.3421,30.8
21:05:57,24.47,Away,25.12,0.3333,30.4
21:05:57,23.77,Away,25.12,0.3333,30.4
21:05:57,23.07,Away,25.12,0.3553,29.6
21:05:57,22.37,Away,25.12,0.3553,29.6
21:05:58,21.67,Away,25.12,0.3053,30.8
21:05:58,20.97,Away,25.12,0.3053,30.8
21:05:58,20.27,Away,25.12,0.3316,29.7
21:05:58,19.57,Away,25.12,0.3316,29.7
21:05:58,18.87,Away,25.12,0.3321,30.0
21:05:58,18.17,Away,25.12,0.3321,30.0
21:05:58,17.47,Away,25.12,0.3458,30.1
21:05:58,16.77,Away,25.12,0.3458,30.1
21:05:59,16.07,Away,25.12,0.3336,30.3
21:05:59,15.37,Away,25.12,0.3336,30.3
21:05:59,14.67,Away,25.12,0.3322,29.9
21:05:59,13.97,Away,25.12,0.3322,29.9
21:05:59,13.27,Away,25.12,0.3427,29.6
21:05:59,12.57,Away,25.12,0.3427,29.6
21:05:59,11.87,Away,25.12,0.3124,30.1
21:05:59,11.17,Away,25.12,0.3124,30.1
21:06:00,10.47,Away,25.12,0.3409,31.0
21:06:00,9.77,Away,25.12,0.3409,31.0
21:06:00,9.07,Away,25.12,0.3394,29.6
21:06:00,8.37,Away,25.12,0.3394,29.6
21:06:00,7.67,Away,25.12,0.3578,30.6
21:06:00,6.97,Away,25.12,0.3578,30.6
21:06:00,6.27,Away,25.12,0.331,30.9
21:06:00,5.57,Away,25.12,0.331,30.9
21:06:01,4.87,Away,25.12,0.3113,31.1
21:06:01,4.17,Away,25.12,0.3113,31.1
21:06:01,3.54,Away,25.12,0.3879,29.7
21:06:01,3.01,Away,25.12,0.3879,29.7
21:06:01,2.56,Away,25.12,0.3845,28.7
21:06:01,2.18,Away,25.12,0.3845,28.7
21:06:01,1.85,Away,25.12,0.4059,28.1
21:06:01,1.57,Away,25.12,0.4059,28.1
21:06:02,1.34,Away,25.12,0.4207,27.2
21:06:02,1.14,Away,25.12,0.4207,27.2
21:06:02,0.97,Away,25.12,0.4244,25.1
21:06:02,0.82,Away,25.12,0.4244,25.1
21:06:02,0.7,Away,25.12,0.3871,25.0
21:06:02,0.59,Away,25.12,0.3871,25.0
21:06:02,0.5,Away,25.12,0.3968,24.0
21:06:03,0.43,Away,25.12,0.3968,24.0
21:06:03,0.36,Away,25.12,0.3,0.0
21:06:03,0.31,Away,25.12,0.3,0.0
21:06:03,0.26,Away,25.12,0.4439,18.7
21:06:03,0.22,Away,25.12,0.4439,18.7
21:06:03,0.19,Away,25.12,0.448,18.4
21:06:03,0.16,Away,25.12,0.448,18.4
21:06:03,0.14,Away,25.12,0.4398,18.4
21:06:04,0.12,Away,25.12,0.4398,18.4
21:06:04,0.1,Away,25.12,0.4391,18.0
21:06:04,0.08,Away,25.12,0.4391,18.0
21:06:04,0.07,Away,25.12,0.4571,18.5
21:06:04,0.06,Away,25.12,0.4571,18.5
21:06:04,0.05,Away,25.12,0.4287,18.1
21:06:04,0.04,Away,25.12,0.4287,18.1
21:06:04,0.04,Away,25.12,0.4208,18.1
21:06:05,0.03,Away,25.12,0.4208,18.1
21:06:05,0.03,Away,25.12,0.4269,17.6
21:06:05,0.02,Away,25.12,0.4269,17.6
21:06:05,0.02,Away,25.12,0.4434,18.9
21:06:05,0.02,Away,25.12,0.4434,18.9
21:06:05,0.01,Away,25.12,0.4301,17.7
21:06:05,0.01,Away,25.12,0.4301,17.7
21:06:05,0.01,Away,25.12,0.4233,17.6
21:06:06,0.01,Away,25.12,0.4233,17.6
21:06:06,0.01,Away,25.12,0.4248,18.0
21:06:06,0.01,Away,25.12,0.4248,18.0
21:06:06,0.01,Away,25.12,0.1938,17.5
21:06:06,0.0,Away,25.12,0.1938,17.5
21:06:06,0.0,Away,25.12,0.2401,10.4
21:06:06,0.0,Away,25.12,0.2401,10.4
21:06:06,0.0,Away,25.12,0.2518,4.2
21:06:07,0.0,Away,25.12,0.2518,4.2
21:06:07,0.0,Away,25.12,0.243,1.3
21:06:07,0.0,Away,25.12,0.243,1.3
21:06:07,0.0,Away,25.12,0.1463,1.7
21:06:07,0.0,Away,25.12,0.1463,1.7
21:06:07,0.0,Away,25.12,0.2368,0.9
21:06:07,0.0,Away,25.12,0.2368,0.9
21:06:08,0.0,Away,25.12,0.2355,2.1
21:06:08,0.0,Away,25.12,0.2355,2.1
21:06:08,0.0,Away,25.12,0.1933,-1.9
21:06:08,0.0,Away,25.12,0.1933,-1.9
21:06:08,0.0,Away,25.12,0.3954,-3.9
21:06:08,0.0,Away,25.12,0.3954,-3.9
21:06:08,0.0,Away,25.12,0.3,0.0
21:06:08,0.0,Away,25.12,0.3,0.0
21:06:09,0.0,Away,25.12,0.3,0.0
21:06:09,0.0,Away,25.12,0.3,0.0
21:06:09,0.0,Away,25.12,0.3,0.0
21:06:09,0.0,Away,25.12,0.3,0.0
21:06:09,0.0,Away,25.12,0.4055,2.4
21:06:09,0.0,Away,25.12,0.4055,2.4
21:06:09,0.0,Away,25.12,0.2912,-2.4
21:06:09,0.0,Away,25.12,0.2912,-2.4
21:06:10,0.0,Away,25.12,0.2154,-8.9
21:06:10,0.0,Away,25.12,0.2154,-8.9
21:06:10,0.0,Away,25.12,0.3595,-5.1
21:06:10,0.0,Away,25.12,0.3595,-5.1
21:06:10,0.0,Away,25.12,0.2935,-3.3
21:06:10,0.0,Away,25.12,0.2935,-3.3
21:06:10,0.0,Away,25.12,0.2957,-0.9
21:06:10,0.0,Away,25.12,0.2957,-0.9
21:06:11,0.0,Away,25.12,0.1907,-4.1
21:06:11,0.05,Flow,64.93,0.1907,-4.1
21:06:23,0.13,Flow,64.93,0.231,-0.9
21:06:23,0.24,Flow,64.93,0.231,-0.9
